<?xml version="1.0" encoding="UTF-8"?>

<beans xmlns="http://www.springframework.org/schema/beans"

	xmlns:xsi="http://www.w3.org/2001/XMLSchema-instance"

	xmlns:mybatis-spring="http://mybatis.org/schema/mybatis-spring"

	xsi:schemaLocation="

http://mybatis.org/schema/mybatis-spring 

http://mybatis.org/schema/mybatis-spring.xsd

http://www.springframework.org/schema/beans http://www.springframework.org/schema/beans/spring-beans.xsd">

	

<!--dataSource 객체 설정 -->

<bean id="dataSource" class="org.springframework.jdbc.datasource.DriverManagerDataSource">

<property name="driverClassName" value="com.mysql.cj.jdbc.Driver" />

<property name="url" value="jdbc:mysql://localhost:3306/board?useSSL=false&amp;allowPublicKeyRetrieval=true&amp;serverTimezone=Asia/Seoul" />       

        <property name="username" value="root"></property>

        <property name="password" value="moain1234"></property>

</bean>  



<!-- SqlSessionFactory 객체 설정 -->

<bean id="SqlSessionFactory" class="org.mybatis.spring.SqlSessionFactoryBean">

<property name="dataSource" ref="dataSource" />       

<property name="mapperLocations" value="classpath:/mappers/**/*Mapper.xml" />

</bean>

	

<!-- SqlSession Template 설정 -->

<bean id="sqlSession" class="org.mybatis.spring.SqlSessionTemplate" destroy-method="clearCache">

<constructor-arg name="sqlSessionFactory" ref="SqlSessionFactory" />

</bean>

</beans>